,,,,,
idx,Name,,,idx,Name
1,OV21,,,1,OV21
2,VC16,,,2,VC16
3,ZI44,,,3,ZI44
4,KX7,,,4,KX7
5,KD23,,,5,KD23
6,OY33,,,6,OY33
7,PE74,,,7,PE74
8,OD7,,,8,OD7
9,FO89,,,9,FO89
10,IQ29,,,10,IQ29
11,QH89,,,11,QH89
12,FC35,,,12,FC35
13,LO66,,,13,LO66
14,LL38,,,14,LL38
15,HZ45,,,15,HZ45
16,WI9,,,16,WI9
17,CQ82,,,17,CQ82
18,FP38,,,18,FP38
19,NE91,,,19,NE91
20,KN9,,,20,KN9
21,SR64,,,21,SR64
22,NT16,,,22,NT16
23,PY34,,,23,PY34
24,TH27,,,24,TH27
25,FU63,,,25,FU63
26,JC20,,,26,JC20
27,YO78,,,27,YO78
28,AE37,,,28,AE37
29,ZZ14,,,29,ZZ14
30,XF45,,,30,XF45
31,CT83,,,31,CT83
32,QQ36,,,32,QQ36
33,YA71,,,33,YA71
34,KZ67,,,34,KZ67
35,EQ28,,,35,EQ28
36,GH40,,,36,GH40
37,OD68,,,37,OD68
38,WV65,,,38,WV65
39,GB0,,,39,GB0
40,FH70,,,40,FH70
41,HD33,,,41,HD33
42,XN62,,,42,XN62
43,WY81,,,43,WY81
44,SV79,,,44,SV79
45,PT44,,,45,PT44
46,HB49,,,46,HB49
47,BU91,,,47,BU91
48,BH98,,,48,BH98
49,GJ47,,,49,GJ47
50,LI94,,,50,LI94
,,,,51,ET14
,,,,52,HK75
,,,,53,KY64
,,,,54,PN7
,,,,55,FX15
,,,,56,GK51
,,,,57,XD91
,,,,58,FC21
,,,,59,KL49
,,,,60,MJ77
,,,,61,TA69
,,,,62,LY39
,,,,63,BH42
,,,,64,WP56
,,,,65,JT56
,,,,66,HA0
,,,,67,KL51
,,,,68,TE61
,,,,69,WY83
,,,,70,LO49
,,,,71,AE84
,,,,72,AS55
,,,,73,ZB87
,,,,74,LP60
,,,,75,JS21
,,,,76,QK42
,,,,77,PD49
,,,,78,PJ7
,,,,79,KX58
,,,,80,CN84
,,,,81,YB38
,,,,82,VG6
,,,,83,PA20
,,,,84,LG71
,,,,85,IN82
,,,,86,IF56
,,,,87,TS52
,,,,88,ZP91
,,,,89,WL60
,,,,90,BU47
,,,,91,JA73
,,,,92,RO24
,,,,93,MP45
,,,,94,BU40
,,,,95,UL17
,,,,96,OK93
,,,,97,HP85
,,,,98,QD24
,,,,99,OV63
,,,,100,HB65
,,,,101,NU6
,,,,102,IY16
,,,,103,WY87
,,,,104,ZG70
,,,,105,AP66
,,,,106,ED46
,,,,107,RP38
,,,,108,UY91
,,,,109,UA22
,,,,110,TY41
,,,,111,OE9
,,,,112,JC82
,,,,113,XS55
,,,,114,BY27
,,,,115,VD17
,,,,116,HT40
,,,,117,IW19
,,,,118,RQ42
,,,,119,MA90
,,,,120,NA62
,,,,121,VO63
,,,,122,XR40
,,,,123,XS74
,,,,124,NK3
,,,,125,JB55
,,,,126,JI25
,,,,127,HK14
,,,,128,HQ34
,,,,129,WU74
,,,,130,CX46
,,,,131,ZA74
,,,,132,TL47
,,,,133,LU2
,,,,134,KV69
,,,,135,UT26
,,,,136,VD32
,,,,137,LJ16
,,,,138,RE66
,,,,139,LT79
,,,,140,GZ8
,,,,141,NE68
,,,,142,RP39
,,,,143,VP51
,,,,144,FK20
,,,,145,XX62
,,,,146,PF83
,,,,147,IB75
,,,,148,QH37
,,,,149,GJ42
,,,,150,SH5
,,,,151,NH46
,,,,152,XM35
,,,,153,WR69
,,,,154,FN16
,,,,155,VD99
,,,,156,OV22
,,,,157,PI16
,,,,158,GE12
,,,,159,DD17
,,,,160,LZ12
,,,,161,GY95
,,,,162,UR95
,,,,163,SI19
,,,,164,HK63
,,,,165,MP24
,,,,166,HY98
,,,,167,AX10
,,,,168,HJ15
,,,,169,RL27
,,,,170,FL9
,,,,171,OR88
,,,,172,WL62
,,,,173,NC0
,,,,174,TS13
,,,,175,QS25
,,,,176,LV72
,,,,177,CC88
,,,,178,XJ50
,,,,179,JE51
,,,,180,HT54
,,,,181,BU17
,,,,182,YL3
,,,,183,ST86
,,,,184,FT52
,,,,185,MD40
,,,,186,XE64
,,,,187,MS17
,,,,188,ZW83
,,,,189,GN11
,,,,190,PB4
,,,,191,ZR90
,,,,192,YQ2
,,,,193,TF31
,,,,194,RB90
,,,,195,PW77
,,,,196,HZ35
,,,,197,FS91
,,,,198,PV60
,,,,199,DB81
,,,,200,JF3
,,,,201,AJ12
,,,,202,HL17
,,,,203,CW29
,,,,204,PM57
,,,,205,YS69
,,,,206,HT89
,,,,207,LI61
,,,,208,SL67
,,,,209,CH75
,,,,210,JD13
,,,,211,SU0
,,,,212,EK84
,,,,213,IZ98
,,,,214,JV72
,,,,215,IJ89
,,,,216,UK93
,,,,217,RG70
,,,,218,LG79
,,,,219,ZJ74
,,,,220,OL19
,,,,221,MD91
,,,,222,JK47
,,,,223,XQ35
,,,,224,BK84
,,,,225,XR37
,,,,226,UG46
,,,,227,JG69
,,,,228,FY52
,,,,229,HO74
,,,,230,NE16
,,,,231,IU94
,,,,232,QS25
,,,,233,KF23
,,,,234,NP30
,,,,235,YN61
,,,,236,MA78
,,,,237,NB46
,,,,238,CS94
,,,,239,ZE45
,,,,240,RJ50
,,,,241,GZ19
,,,,242,CO26
,,,,243,WK41
,,,,244,TN80
,,,,245,AX34
,,,,246,QK11
,,,,247,IV61
,,,,248,SZ25
,,,,249,FZ38
,,,,250,YK36
,,,,,
,,,,,
,,,,,
,,,,,
,,,,,
,,,,,
,,,,,
,,,,,
,,,,,
,,,,,
,,,,,
,,,,,
,,,,,
,,,,,
,,,,,
,,,,,
,,,,,
,,,,,
,,,,,
